timestamp,symbol,open,high,low,close,volume
2024-01-01T00:00:00Z,BTC/USD,42000.00000000,42071.97473093,41996.36902439,42068.33784739,91.00117273
2024-01-01T01:00:00Z,BTC/USD,42068.33784739,42191.81126815,42034.47134001,42157.87268205,107.06797950
2024-01-01T02:00:00Z,BTC/USD,42157.87268205,42256.21623444,42152.23749235,42250.56865420,96.87687279
2024-01-01T03:00:00Z,BTC/USD,42250.56865420,42364.38123409,42247.80659916,42361.61191980,100.21421152
2024-01-01T04:00:00Z,BTC/USD,42361.61191980,42473.58892685,42359.27128872,42471.24223830,105.99537751
2024-01-01T05:00:00Z,BTC/USD,42471.24223830,42517.32708440,42467.06640629,42513.14713224,103.57062736
2024-01-01T06:00:00Z,BTC/USD,42513.14713224,42594.06020436,42510.88706332,42591.79595434,112.23277007
2024-01-01T07:00:00Z,BTC/USD,42591.79595434,42671.96651953,42573.39558156,42653.53947252,86.21917999
2024-01-01T08:00:00Z,BTC/USD,42653.53947252,42780.16685926,42648.40761890,42775.02038968,83.70983374
2024-01-01T09:00:00Z,BTC/USD,42775.02038968,42957.51142470,42751.33767929,42933.74083754,104.14904125
2024-01-01T10:00:00Z,BTC/USD,42933.74083754,43072.89082894,42901.22882455,43040.29812435,101.44912366
2024-01-01T11:00:00Z,BTC/USD,43040.29812435,43170.96920385,43036.76933636,43167.42999257,102.08162525
2024-01-01T12:00:00Z,BTC/USD,43167.42999257,43305.92144621,43141.11783079,43279.54094861,114.46827601
2024-01-01T13:00:00Z,BTC/USD,43279.54094861,43301.51974837,43263.75589504,43285.73243662,81.83297535
2024-01-01T14:00:00Z,BTC/USD,43285.73243662,43387.34201243,43268.01480045,43369.59005181,83.19167908
2024-01-01T15:00:00Z,BTC/USD,43369.59005181,43460.21385503,43359.64177207,43450.24707387,91.11894412
2024-01-01T16:00:00Z,BTC/USD,43450.24707387,43511.36761328,43434.66209824,43495.76631056,94.80723868
2024-01-01T17:00:00Z,BTC/USD,43495.76631056,43601.03466263,43479.17779351,43584.41233756,117.46618351
2024-01-01T18:00:00Z,BTC/USD,43584.41233756,43643.98068182,43560.46543572,43620.01421898,86.84554593
2024-01-01T19:00:00Z,BTC/USD,43620.01421898,43707.37955476,43607.09794319,43694.44124046,95.17821767
2024-01-01T20:00:00Z,BTC/USD,43694.44124046,43849.94070356,43692.38700145,43847.87925086,102.27798975
2024-01-01T21:00:00Z,BTC/USD,43847.87925086,43925.08050646,43809.21091066,43886.37821500,111.03999646
2024-01-01T22:00:00Z,BTC/USD,43886.37821500,43972.70663882,43880.82137973,43967.13957765,92.61812192
2024-01-01T23:00:00Z,BTC/USD,43967.13957765,44057.30592435,43952.09937801,44042.24003447,117.71638857
2024-01-02T00:00:00Z,BTC/USD,44042.24003447,44167.73567564,44028.82028777,44154.28178962,106.21754661
2024-01-02T01:00:00Z,BTC/USD,44154.28178962,44184.14041861,44110.76438762,44140.61377383,98.35407410
2024-01-02T02:00:00Z,BTC/USD,44140.61377383,44232.91096587,44124.07643507,44216.34525421,102.45472537
2024-01-02T03:00:00Z,BTC/USD,44216.34525421,44319.56962275,44187.13465593,44290.31016110,115.91291534
2024-01-02T04:00:00Z,BTC/USD,44290.31016110,44349.07584494,44281.10306954,44339.85845325,119.90150426
2024-01-02T05:00:00Z,BTC/USD,44339.85845325,44397.06092985,44339.27943236,44396.48116954,81.88465502
2024-01-02T06:00:00Z,BTC/USD,44396.48116954,44554.07768470,44376.65025591,44534.18526174,111.68317457
2024-01-02T07:00:00Z,BTC/USD,44534.18526174,44601.05007876,44530.39494042,44597.25438960,95.26477146
2024-01-02T08:00:00Z,BTC/USD,44597.25438960,44743.86037500,44596.58751364,44743.19131680,118.84313510
2024-01-02T09:00:00Z,BTC/USD,44743.19131680,44831.57484194,44740.58236556,44828.96088952,108.82887277
2024-01-02T10:00:00Z,BTC/USD,44828.96088952,44907.20388652,44803.66731675,44881.88045526,90.67300760
2024-01-02T11:00:00Z,BTC/USD,44881.88045526,44954.55654533,44873.42866916,44946.09266732,97.39061003
2024-01-02T12:00:00Z,BTC/USD,44946.09266732,44962.07019883,44882.89146915,44898.85220752,115.03411762
2024-01-02T13:00:00Z,BTC/USD,44898.85220752,45000.74050746,44872.49123033,44974.33521275,87.14607522
2024-01-02T14:00:00Z,BTC/USD,44974.33521275,45172.19725529,44950.60898648,45148.37921205,91.93779166
2024-01-02T15:00:00Z,BTC/USD,45148.37921205,45205.66743105,45124.67387895,45181.94447438,86.11357074
2024-01-02T16:00:00Z,BTC/USD,45181.94447438,45296.66894456,45153.90254054,45268.57324503,111.14505915
2024-01-02T17:00:00Z,BTC/USD,45268.57324503,45348.39793577,45268.42811489,45348.25255017,92.96624228
2024-01-02T18:00:00Z,BTC/USD,45348.25255017,45560.53568086,45341.88473691,45554.13895697,115.14887511
2024-01-02T19:00:00Z,BTC/USD,45554.13895697,45676.19247336,45537.12721543,45659.14151965,82.31700666
2024-01-02T20:00:00Z,BTC/USD,45659.14151965,45875.50176974,45620.76693030,45836.97771654,83.42613808
2024-01-02T21:00:00Z,BTC/USD,45836.97771654,45899.49636255,45836.21462476,45898.73224267,110.42408661
2024-01-02T22:00:00Z,BTC/USD,45898.73224267,45996.21178798,45886.76071386,45984.21796237,99.01129512
2024-01-02T23:00:00Z,BTC/USD,45984.21796237,46031.34596655,45978.66312081,46025.78610360,114.89732164
2024-01-03T00:00:00Z,BTC/USD,46025.78610360,46082.26604966,46018.41296033,46074.88504094,101.57184355
2024-01-03T01:00:00Z,BTC/USD,46074.88504094,46168.50277096,46059.56795368,46153.15966217,92.46865165
2024-01-03T02:00:00Z,BTC/USD,46153.15966217,46317.45910470,46152.14087325,46316.43671159,97.52400336
2024-01-03T03:00:00Z,BTC/USD,46316.43671159,46373.04775900,46315.14046964,46371.74996902,88.98789348
2024-01-03T04:00:00Z,BTC/USD,46371.74996902,46442.55456690,46345.47146007,46416.25083965,89.20458930
2024-01-03T05:00:00Z,BTC/USD,46416.25083965,46512.54437579,46407.49978221,46503.77681670,105.24411829
2024-01-03T06:00:00Z,BTC/USD,46503.77681670,46653.63637465,46453.72026212,46603.47250787,114.38541601
2024-01-03T07:00:00Z,BTC/USD,46603.47250787,46731.99093515,46596.07370331,46724.57290460,106.75911113
2024-01-03T08:00:00Z,BTC/USD,46724.57290460,46827.49070314,46712.43905504,46815.33328413,117.42056962
2024-01-03T09:00:00Z,BTC/USD,46815.33328413,46853.71161179,46803.90129152,46842.27304067,111.38477697
2024-01-03T10:00:00Z,BTC/USD,46842.27304067,46953.77253982,46828.03275127,46939.50269211,83.87723257
2024-01-03T11:00:00Z,BTC/USD,46939.50269211,46980.67874653,46929.16074289,46970.33000527,98.68098672
2024-01-03T12:00:00Z,BTC/USD,46970.33000527,47078.70685107,46935.50091210,47043.82326172,119.36660845
2024-01-03T13:00:00Z,BTC/USD,47043.82326172,47189.07537278,47029.98150992,47175.19496735,93.57210422
2024-01-03T14:00:00Z,BTC/USD,47175.19496735,47301.39660713,47161.57225273,47287.74139263,87.60835634
2024-01-03T15:00:00Z,BTC/USD,47287.74139263,47324.38192645,47279.88774929,47316.52350292,91.14180579
2024-01-03T16:00:00Z,BTC/USD,47316.52350292,47455.55625637,47262.91363786,47401.84971627,97.72522980
2024-01-03T17:00:00Z,BTC/USD,47401.84971627,47556.47178638,47378.92390975,47533.48231603,82.02353318
2024-01-03T18:00:00Z,BTC/USD,47533.48231603,47727.71414695,47533.27856016,47727.50955938,118.75985029
2024-01-03T19:00:00Z,BTC/USD,47727.50955938,47933.80368430,47706.81027827,47913.02394615,86.65244442
2024-01-03T20:00:00Z,BTC/USD,47913.02394615,47961.05417920,47911.52706838,47959.55584770,96.04161170
2024-01-03T21:00:00Z,BTC/USD,47959.55584770,48106.74328758,47951.12623337,48098.28928876,119.41235375
2024-01-03T22:00:00Z,BTC/USD,48098.28928876,48217.20992535,48056.37390214,48175.22749073,98.20033469
2024-01-03T23:00:00Z,BTC/USD,48175.22749073,48203.36545543,48105.29587983,48133.40941962,119.81690758
2024-01-04T00:00:00Z,BTC/USD,48133.40941962,48146.83366295,48120.25673601,48133.68090516,86.19187301
2024-01-04T01:00:00Z,BTC/USD,48133.68090516,48237.03483782,48073.03892777,48176.33911681,103.16721163
2024-01-04T02:00:00Z,BTC/USD,48176.33911681,48186.81818850,48159.95005019,48170.42783609,82.28661092
2024-01-04T03:00:00Z,BTC/USD,48170.42783609,48212.50908385,48156.05978393,48198.13276799,114.10879568
2024-01-04T04:00:00Z,BTC/USD,48198.13276799,48417.18237103,48146.88494327,48365.75631653,83.20445861
2024-01-04T05:00:00Z,BTC/USD,48365.75631653,48513.41672524,48335.84812338,48483.43576202,107.00850214
2024-01-04T06:00:00Z,BTC/USD,48483.43576202,48585.65653825,48471.23738435,48573.43551674,115.61149257
2024-01-04T07:00:00Z,BTC/USD,48573.43551674,48695.41321027,48540.81218398,48662.72990480,104.77526041
2024-01-04T08:00:00Z,BTC/USD,48662.72990480,48678.38492844,48491.97004238,48507.57515202,100.91130862
2024-01-04T09:00:00Z,BTC/USD,48507.57515202,48514.11428554,48449.81293687,48456.34516425,108.64767203
2024-01-04T10:00:00Z,BTC/USD,48456.34516425,48480.60444434,48349.05195995,48373.26964895,106.86760892
2024-01-04T11:00:00Z,BTC/USD,48373.26964895,48393.32468356,48250.54722596,48270.55967813,110.07457970
2024-01-04T12:00:00Z,BTC/USD,48270.55967813,48282.32316348,48229.50625830,48241.26260399,119.93817763
2024-01-04T13:00:00Z,BTC/USD,48241.26260399,48241.49335510,48176.77290525,48177.00334900,88.52617249
2024-01-04T14:00:00Z,BTC/USD,48177.00334900,48232.79644639,48021.77918362,48077.45699781,115.23456695
2024-01-04T15:00:00Z,BTC/USD,48077.45699781,48093.33973591,48015.27112175,48031.13855822,86.30987329
2024-01-04T16:00:00Z,BTC/USD,48031.13855822,48063.52228224,47957.46725845,47989.82312664,104.46711063
2024-01-04T17:00:00Z,BTC/USD,47989.82312664,47992.62432139,47984.26905475,47987.07008881,80.31292429
2024-01-04T18:00:00Z,BTC/USD,47987.07008881,48005.53730756,47902.13101427,47920.57264233,106.53554860
2024-01-04T19:00:00Z,BTC/USD,47920.57264233,47925.38987005,47858.14080985,47862.95224526,84.61714682
2024-01-04T20:00:00Z,BTC/USD,47862.95224526,47881.87715339,47814.91866750,47833.83206157,90.89392849
2024-01-04T21:00:00Z,BTC/USD,47833.83206157,47857.11138881,47652.34196022,47675.54425341,88.14389249
2024-01-04T22:00:00Z,BTC/USD,47675.54425341,47689.48486013,47546.03883600,47559.94564102,99.54127409
2024-01-04T23:00:00Z,BTC/USD,47559.94564102,47591.57331776,47534.16669855,47565.79120682,83.69193871
2024-01-05T00:00:00Z,BTC/USD,47565.79120682,47574.63377836,47430.60838118,47439.42746146,80.14182756
2024-01-05T01:00:00Z,BTC/USD,47439.42746146,47472.90370958,47331.33714574,47364.76070430,90.47821050
2024-01-05T02:00:00Z,BTC/USD,47364.76070430,47394.71336361,47245.64310137,47275.53933863,97.10747676
2024-01-05T03:00:00Z,BTC/USD,47275.53933863,47276.10704071,47212.27415046,47212.84109964,115.32425573
2024-01-05T04:00:00Z,BTC/USD,47212.84109964,47229.67126274,47169.62058300,47186.44133526,113.38380080
2024-01-05T05:00:00Z,BTC/USD,47186.44133526,47193.06035247,47067.05593938,47073.65913621,85.09782077
2024-01-05T06:00:00Z,BTC/USD,47073.65913621,47120.71819793,46898.70223944,46945.63331503,111.84489220
2024-01-05T07:00:00Z,BTC/USD,46945.63331503,46984.21346585,46899.84702345,46938.42124736,88.40306153
2024-01-05T08:00:00Z,BTC/USD,46938.42124736,46949.35237934,46843.09813200,46854.00960599,111.20464967
2024-01-05T09:00:00Z,BTC/USD,46854.00960599,46869.92926078,46796.63227758,46812.53784145,104.82646041
2024-01-05T10:00:00Z,BTC/USD,46812.53784145,46857.08354971,46756.83539946,46801.37048112,114.58422785
2024-01-05T11:00:00Z,BTC/USD,46801.37048112,46824.82641733,46795.01054916,46818.46416248,115.25664819
2024-01-05T12:00:00Z,BTC/USD,46818.46416248,46830.77801989,46812.53344751,46824.84649644,93.28741872
2024-01-05T13:00:00Z,BTC/USD,46824.84649644,46850.07037259,46807.09515717,46832.31620154,114.56256114
2024-01-05T14:00:00Z,BTC/USD,46832.31620154,46849.43668922,46747.41488241,46764.51058239,111.49498037
2024-01-05T15:00:00Z,BTC/USD,46764.51058239,46798.69321842,46734.71916548,46768.89900587,114.34373005
2024-01-05T16:00:00Z,BTC/USD,46768.89900587,46811.32280150,46660.16502452,46702.52861596,98.41212939
2024-01-05T17:00:00Z,BTC/USD,46702.52861596,46741.64717675,46545.51657884,46584.53630795,89.10381950
2024-01-05T18:00:00Z,BTC/USD,46584.53630795,46586.79682914,46534.64412165,46536.90233139,93.13047805
2024-01-05T19:00:00Z,BTC/USD,46536.90233139,46594.84713899,46491.17232194,46549.10513832,91.16499971
2024-01-05T20:00:00Z,BTC/USD,46549.10513832,46567.36082740,46411.54389892,46429.75278024,119.24598749
2024-01-05T21:00:00Z,BTC/USD,46429.75278024,46442.14768975,46205.37445838,46217.71276159,84.61367007
2024-01-05T22:00:00Z,BTC/USD,46217.71276159,46220.39290665,46166.03041832,46168.70772160,118.50137263
2024-01-05T23:00:00Z,BTC/USD,46168.70772160,46179.71391841,46072.04321986,46083.02899165,97.38255034
2024-01-06T00:00:00Z,BTC/USD,46083.02899165,46102.83956140,45973.85892148,45993.63106007,104.24835413
2024-01-06T01:00:00Z,BTC/USD,45993.63106007,45995.25770048,45854.92148005,45856.54327213,103.06352174
2024-01-06T02:00:00Z,BTC/USD,45856.54327213,45892.54297384,45735.50418004,45771.43706908,80.06765113
2024-01-06T03:00:00Z,BTC/USD,45771.43706908,45784.26538009,45737.19461397,45750.01692158,108.77719997
2024-01-06T04:00:00Z,BTC/USD,45750.01692158,45784.06505282,45629.54649547,45663.53026150,94.56885887
2024-01-06T05:00:00Z,BTC/USD,45663.53026150,45677.88745322,45640.23821727,45654.59259887,93.20800144
2024-01-06T06:00:00Z,BTC/USD,45654.59259887,45695.37775777,45490.17084490,45530.84545530,108.79017052
2024-01-06T07:00:00Z,BTC/USD,45530.84545530,45549.45892452,45415.70095330,45434.27494352,96.33571634
2024-01-06T08:00:00Z,BTC/USD,45434.27494352,45445.22113508,45304.24578806,45315.16328281,85.09151196
2024-01-06T09:00:00Z,BTC/USD,45315.16328281,45340.95118974,45094.58803532,45120.26502975,107.09271781
2024-01-06T10:00:00Z,BTC/USD,45120.26502975,45138.15191203,45082.50060188,45100.37960104,92.03799498
2024-01-06T11:00:00Z,BTC/USD,45100.37960104,45100.57023758,45017.53582198,45017.72610915,91.47654867
2024-01-06T12:00:00Z,BTC/USD,45017.72610915,45030.36843328,44859.73101933,44872.33251259,106.18822495
2024-01-06T13:00:00Z,BTC/USD,44872.33251259,44877.62229708,44729.51220912,44734.78577888,88.54805604
2024-01-06T14:00:00Z,BTC/USD,44734.78577888,44742.85511007,44532.36819622,44540.40246424,111.84099041
2024-01-06T15:00:00Z,BTC/USD,44540.40246424,44548.60913818,44462.91359729,44471.10750347,100.61808040
2024-01-06T16:00:00Z,BTC/USD,44471.10750347,44486.00569408,44343.84442225,44358.70495707,112.73693858
2024-01-06T17:00:00Z,BTC/USD,44358.70495707,44391.85716628,44246.33531911,44279.42827959,88.98562664
2024-01-06T18:00:00Z,BTC/USD,44279.42827959,44284.10256045,44198.77201167,44203.43827077,89.79370176
2024-01-06T19:00:00Z,BTC/USD,44203.43827077,44210.13349696,44015.18600600,44021.85372867,82.91312917
2024-01-06T20:00:00Z,BTC/USD,44021.85372867,44037.74231176,43862.81260169,43878.64949881,87.77740947
2024-01-06T21:00:00Z,BTC/USD,43878.64949881,43902.83005954,43755.20493232,43779.33076068,89.75937758
2024-01-06T22:00:00Z,BTC/USD,43779.33076068,43781.24853307,43695.53034756,43697.44453289,110.03857906
2024-01-06T23:00:00Z,BTC/USD,43697.44453289,43707.73563195,43611.64326714,43621.91657877,97.00584776
2024-01-07T00:00:00Z,BTC/USD,43621.91657877,43670.98195145,43553.52961307,43602.57322859,100.71831002
2024-01-07T01:00:00Z,BTC/USD,43602.57322859,43607.69544269,43556.63020364,43561.74762175,113.93345389
2024-01-07T02:00:00Z,BTC/USD,43561.74762175,43572.32807261,43382.29910251,43392.83852806,106.70310930
2024-01-07T03:00:00Z,BTC/USD,43392.83852806,43395.05693374,43382.36517960,43384.58316324,118.00158434
2024-01-07T04:00:00Z,BTC/USD,43384.58316324,43403.41989051,43343.31899574,43362.14598124,108.77095845
2024-01-07T05:00:00Z,BTC/USD,43362.14598124,43363.37231500,43184.86772071,43186.08907537,101.91487802
2024-01-07T06:00:00Z,BTC/USD,43186.08907537,43207.53324481,43155.19973104,43176.63920812,98.98697747
2024-01-07T07:00:00Z,BTC/USD,43176.63920812,43192.88252930,43080.45410573,43096.66734098,105.50645747
2024-01-07T08:00:00Z,BTC/USD,43096.66734098,43122.69415725,42999.33659460,43025.32032318,105.06993748
2024-01-07T09:00:00Z,BTC/USD,43025.32032318,43033.85728626,42936.16179156,42944.68275476,91.42912603
2024-01-07T10:00:00Z,BTC/USD,42944.68275476,42963.35525786,42842.59345689,42861.22967428,101.60608890
2024-01-07T11:00:00Z,BTC/USD,42861.22967428,42873.10382124,42796.29015828,42808.14960010,107.75799249
2024-01-07T12:00:00Z,BTC/USD,42808.14960010,42815.65812618,42718.53918014,42726.03330307,96.30397479
2024-01-07T13:00:00Z,BTC/USD,42726.03330307,42731.89274023,42592.02087209,42597.86273197,88.27337558
2024-01-07T14:00:00Z,BTC/USD,42597.86273197,42620.08149941,42401.85308661,42423.98115856,103.36317657
2024-01-07T15:00:00Z,BTC/USD,42423.98115856,42463.37087549,42274.64613870,42313.93367901,110.62378304
2024-01-07T16:00:00Z,BTC/USD,42313.93367901,42387.63800503,42312.36264557,42386.06429352,94.07035211
2024-01-07T17:00:00Z,BTC/USD,42386.06429352,42506.13627395,42344.54045066,42464.53555610,118.13721354
2024-01-07T18:00:00Z,BTC/USD,42464.53555610,42484.29653308,42447.37495355,42467.13488010,101.84529239
2024-01-07T19:00:00Z,BTC/USD,42467.13488010,42523.97721390,42458.07865033,42514.91079579,88.77686538
2024-01-07T20:00:00Z,BTC/USD,42514.91079579,42582.07501392,42512.88664134,42580.04775826,93.44518175
2024-01-07T21:00:00Z,BTC/USD,42580.04775826,42653.87689381,42560.48944811,42634.29366687,86.60178925
2024-01-07T22:00:00Z,BTC/USD,42634.29366687,42687.12860298,42632.02715341,42684.85940135,104.89027844
2024-01-07T23:00:00Z,BTC/USD,42684.85940135,42815.83924912,42681.25725078,42812.22635013,102.57567932
2024-01-08T00:00:00Z,BTC/USD,42812.22635013,42967.15737868,42807.02149443,42961.93432238,85.42797949
2024-01-08T01:00:00Z,BTC/USD,42961.93432238,43024.82942316,42960.28972291,43023.18247909,95.16415457
2024-01-08T02:00:00Z,BTC/USD,43023.18247909,43130.20694841,43004.59630783,43111.58258798,110.44918832
2024-01-08T03:00:00Z,BTC/USD,43111.58258798,43151.32526627,43086.79719130,43126.53127539,113.27697141
2024-01-08T04:00:00Z,BTC/USD,43126.53127539,43212.78332246,43117.61761790,43203.85368349,80.77533148
2024-01-08T05:00:00Z,BTC/USD,43203.85368349,43226.68313454,43042.18851842,43064.94456817,93.99841375
2024-01-08T06:00:00Z,BTC/USD,43064.94456817,43119.97819866,43034.55407352,43089.57032586,106.07018621
2024-01-08T07:00:00Z,BTC/USD,43089.57032586,43223.24152962,43036.92090494,43170.49323225,87.97442729
2024-01-08T08:00:00Z,BTC/USD,43170.49323225,43279.33402353,43168.90819672,43277.74505018,85.04883899
2024-01-08T09:00:00Z,BTC/USD,43277.74505018,43347.62181013,43253.35902428,43323.21016567,88.71858164
2024-01-08T10:00:00Z,BTC/USD,43323.21016567,43408.65231278,43288.08994377,43373.49133015,86.71156573
2024-01-08T11:00:00Z,BTC/USD,43373.49133015,43406.51462681,43351.02531417,43384.04314534,84.58131486
2024-01-08T12:00:00Z,BTC/USD,43384.04314534,43569.95299037,43333.17617278,43518.92786801,84.32394999
2024-01-08T13:00:00Z,BTC/USD,43518.92786801,43644.86681118,43515.90509296,43641.83549911,107.09389147
2024-01-08T14:00:00Z,BTC/USD,43641.83549911,43776.94400034,43636.13680829,43771.22841357,108.60058820
2024-01-08T15:00:00Z,BTC/USD,43771.22841357,43936.93351121,43755.82219484,43921.47441019,105.08969582
2024-01-08T16:00:00Z,BTC/USD,43921.47441019,44095.91797013,43898.89876904,44073.26430896,114.01172956
2024-01-08T17:00:00Z,BTC/USD,44073.26430896,44137.51319231,44066.66085580,44130.90110349,119.35377406
2024-01-08T18:00:00Z,BTC/USD,44130.90110349,44240.28813656,44110.94906740,44220.29568426,97.13512053
2024-01-08T19:00:00Z,BTC/USD,44220.29568426,44275.68138102,44201.21977902,44256.58981908,93.64924699
2024-01-08T20:00:00Z,BTC/USD,44256.58981908,44427.51434097,44223.24637890,44394.06732361,84.22155483
2024-01-08T21:00:00Z,BTC/USD,44394.06732361,44555.10449724,44386.37502902,44547.38563672,113.14829244
2024-01-08T22:00:00Z,BTC/USD,44547.38563672,44635.42098455,44524.41826983,44612.42008774,109.35181216
2024-01-08T23:00:00Z,BTC/USD,44612.42008774,44738.02701206,44608.61037505,44734.20689929,112.32796875
2024-01-09T00:00:00Z,BTC/USD,44734.20689929,44760.89906669,44728.09914036,44754.78849767,97.42297972
2024-01-09T01:00:00Z,BTC/USD,44754.78849767,44847.89267821,44737.22275143,44830.29729563,114.06852640
2024-01-09T02:00:00Z,BTC/USD,44830.29729563,44930.47859567,44821.95482632,44922.11903925,115.26524736
2024-01-09T03:00:00Z,BTC/USD,44922.11903925,45030.44088607,44897.02660463,45005.30198743,104.41326817
2024-01-09T04:00:00Z,BTC/USD,45005.30198743,45080.61598406,45001.55945789,45076.86750332,114.03811345
2024-01-09T05:00:00Z,BTC/USD,45076.86750332,45187.70580420,45062.70979188,45173.51773692,111.91329427
2024-01-09T06:00:00Z,BTC/USD,45173.51773692,45234.03950704,45134.27492594,45194.77822680,108.04735001
2024-01-09T07:00:00Z,BTC/USD,45194.77822680,45278.04573600,45191.59406988,45274.85593728,117.92250311
2024-01-09T08:00:00Z,BTC/USD,45274.85593728,45449.37641833,45256.34770654,45430.80443630,99.54311387
2024-01-09T09:00:00Z,BTC/USD,45430.80443630,45551.67660864,45396.05557454,45516.86192371,105.83611599
2024-01-09T10:00:00Z,BTC/USD,45516.86192371,45519.18988916,45499.69377881,45502.02098522,83.72213402
2024-01-09T11:00:00Z,BTC/USD,45502.02098522,45633.22054619,45467.66959773,45598.79609910,92.24824121
2024-01-09T12:00:00Z,BTC/USD,45598.79609910,45639.53943525,45586.13877173,45626.87431392,101.23687725
2024-01-09T13:00:00Z,BTC/USD,45626.87431392,45645.15394601,45609.83584937,45628.11501815,93.23165189
2024-01-09T14:00:00Z,BTC/USD,45628.11501815,45714.91239061,45610.76903307,45697.54001291,90.05614705
2024-01-09T15:00:00Z,BTC/USD,45697.54001291,45816.14089127,45687.26454838,45805.84107436,84.78218965
2024-01-09T16:00:00Z,BTC/USD,45805.84107436,45814.51433017,45788.81361400,45797.48528766,87.40599370
2024-01-09T17:00:00Z,BTC/USD,45797.48528766,45918.99570359,45771.72167857,45893.17826193,108.98340004
2024-01-09T18:00:00Z,BTC/USD,45893.17826193,46046.33757325,45889.07975568,46042.22575626,91.31994813
2024-01-09T19:00:00Z,BTC/USD,46042.22575626,46163.34984539,46033.29532639,46154.39765847,89.09932654
2024-01-09T20:00:00Z,BTC/USD,46154.39765847,46245.01205866,46150.87847633,46241.48623619,101.36540357
2024-01-09T21:00:00Z,BTC/USD,46241.48623619,46363.78956354,46179.65128399,46301.87385992,102.13435867
2024-01-09T22:00:00Z,BTC/USD,46301.87385992,46387.24836613,46290.49509635,46375.85142246,114.73844789
2024-01-09T23:00:00Z,BTC/USD,46375.85142246,46378.54825092,46343.82172941,46346.51685202,102.96256879
2024-01-10T00:00:00Z,BTC/USD,46346.51685202,46375.88603831,46341.74456364,46371.11121746,87.37454682
2024-01-10T01:00:00Z,BTC/USD,46371.11121746,46597.73597650,46353.60862679,46580.15448329,99.10916749
2024-01-10T02:00:00Z,BTC/USD,46580.15448329,46709.99953351,46558.96476890,46688.76041335,82.96328681
2024-01-10T03:00:00Z,BTC/USD,46688.76041335,46765.66055046,46683.12981042,46760.02135356,85.96790338
2024-01-10T04:00:00Z,BTC/USD,46760.02135356,46807.76832805,46752.36740295,46800.10781585,119.75672491
2024-01-10T05:00:00Z,BTC/USD,46800.10781585,46981.64076098,46773.15238473,46954.59634919,104.25270605
2024-01-10T06:00:00Z,BTC/USD,46954.59634919,47065.59581235,46938.35176353,47049.31845629,100.90290141
2024-01-10T07:00:00Z,BTC/USD,47049.31845629,47083.66825247,47041.53560470,47075.88100693,114.40666663
2024-01-10T08:00:00Z,BTC/USD,47075.88100693,47210.01002778,47074.62323121,47208.74870209,104.84109284
2024-01-10T09:00:00Z,BTC/USD,47208.74870209,47246.56861798,47184.11857665,47221.93161464,117.90360801
2024-01-10T10:00:00Z,BTC/USD,47221.93161464,47332.87756386,47206.24373284,47317.15804632,106.41712549
2024-01-10T11:00:00Z,BTC/USD,47317.15804632,47433.89855690,47304.96096010,47421.67452915,83.00259476
2024-01-10T12:00:00Z,BTC/USD,47421.67452915,47569.73491177,47421.23832848,47569.29735322,103.75244780
2024-01-10T13:00:00Z,BTC/USD,47569.29735322,47661.01254762,47552.61474634,47644.30363595,108.27823320
2024-01-10T14:00:00Z,BTC/USD,47644.30363595,47736.86128986,47619.23018608,47711.75234420,107.49539680
2024-01-10T15:00:00Z,BTC/USD,47711.75234420,47906.54531310,47692.42571368,47887.14763509,105.00232029
2024-01-10T16:00:00Z,BTC/USD,47887.14763509,47949.78937929,47839.83478331,47902.46139741,97.00555864
2024-01-10T17:00:00Z,BTC/USD,47902.46139741,47918.45442733,47892.90130946,47908.89305579,116.33645781
2024-01-10T18:00:00Z,BTC/USD,47908.89305579,48013.56655886,47900.72048639,48005.37753059,86.63691157
2024-01-10T19:00:00Z,BTC/USD,48005.37753059,48095.23124731,47968.05660997,48057.86951773,102.76828197
2024-01-10T20:00:00Z,BTC/USD,48057.86951773,48149.27476189,48045.84881532,48137.23420801,107.54711965
2024-01-10T21:00:00Z,BTC/USD,48137.23420801,48235.73407841,48082.52684391,48180.97700117,100.01888708
2024-01-10T22:00:00Z,BTC/USD,48180.97700117,48244.42727913,48180.59246297,48244.04223760,81.59443137
2024-01-10T23:00:00Z,BTC/USD,48244.04223760,48293.22048750,48235.22826258,48284.39913946,90.01471610
2024-01-11T00:00:00Z,BTC/USD,48284.39913946,48355.41879255,48250.89492665,48321.88856609,113.43834456
2024-01-11T01:00:00Z,BTC/USD,48321.88856609,48348.87451841,48081.32372306,48108.19033298,119.98289668
2024-01-11T02:00:00Z,BTC/USD,48108.19033298,48125.02553426,47983.33408589,48000.13147256,81.60926693
2024-01-11T03:00:00Z,BTC/USD,48000.13147256,48027.17471727,47889.29299572,47916.28900364,106.06037958
2024-01-11T04:00:00Z,BTC/USD,47916.28900364,47923.91926594,47853.86497601,47861.48651148,103.41318501
2024-01-11T05:00:00Z,BTC/USD,47861.48651148,47882.34521046,47710.27887918,47731.08074551,83.64969625
2024-01-11T06:00:00Z,BTC/USD,47731.08074551,47748.62717776,47597.88186204,47615.38576363,106.80534038
2024-01-11T07:00:00Z,BTC/USD,47615.38576363,47631.98875408,47545.11333714,47561.69760710,107.74694696
2024-01-11T08:00:00Z,BTC/USD,47561.69760710,47617.36402933,47387.84627104,47443.37420705,112.54264139
2024-01-11T09:00:00Z,BTC/USD,47443.37420705,47451.46372384,47290.28179530,47298.34658359,92.58068629
2024-01-11T10:00:00Z,BTC/USD,47298.34658359,47354.50340565,47090.39244678,47146.36882727,96.16700228
2024-01-11T11:00:00Z,BTC/USD,47146.36882727,47152.79698004,46887.36409641,46893.75780703,106.30641546
2024-01-11T12:00:00Z,BTC/USD,46893.75780703,46900.16036049,46746.92606087,46753.30943847,87.50330166
2024-01-11T13:00:00Z,BTC/USD,46753.30943847,46783.30067090,46578.34095818,46608.23913116,105.01634969
2024-01-11T14:00:00Z,BTC/USD,46608.23913116,46623.93115050,46511.04690135,46526.71147204,101.96878556
2024-01-11T15:00:00Z,BTC/USD,46526.71147204,46537.67627858,46485.87023522,46496.82799922,107.93000116
2024-01-11T16:00:00Z,BTC/USD,46496.82799922,46564.84680883,46453.61492469,46521.61070183,104.35486668
2024-01-11T17:00:00Z,BTC/USD,46521.61070183,46535.23946782,46426.46979739,46440.07467695,102.03356028
2024-01-11T18:00:00Z,BTC/USD,46440.07467695,46443.38668876,46329.84265510,46333.14704105,119.69028558
2024-01-11T19:00:00Z,BTC/USD,46333.14704105,46346.55436010,46289.17768137,46302.57615419,84.69864596
2024-01-11T20:00:00Z,BTC/USD,46302.57615419,46326.22847914,46227.81536810,46251.44157243,108.66413304
2024-01-11T21:00:00Z,BTC/USD,46251.44157243,46252.47139890,46122.87022718,46123.89721376,113.38895782
2024-01-11T22:00:00Z,BTC/USD,46123.89721376,46126.03144146,46079.79525413,46081.92753982,102.05060308
2024-01-11T23:00:00Z,BTC/USD,46081.92753982,46116.67914839,45871.43545495,45906.05443293,100.32963566
2024-01-12T00:00:00Z,BTC/USD,45906.05443293,45937.58354558,45871.79600572,45903.32324254,91.04989611
2024-01-12T01:00:00Z,BTC/USD,45903.32324254,45926.34096473,45811.90001594,45834.88341973,117.36993575
2024-01-12T02:00:00Z,BTC/USD,45834.88341973,45836.94781937,45648.49534937,45650.55144672,91.31355933
2024-01-12T03:00:00Z,BTC/USD,45650.55144672,45679.50239007,45517.61434639,45546.49930133,119.95609333
2024-01-12T04:00:00Z,BTC/USD,45546.49930133,45547.33952130,45432.74139285,45433.57952972,101.54322311
2024-01-12T05:00:00Z,BTC/USD,45433.57952972,45457.37407431,45289.19287187,45312.92422668,101.73720252
2024-01-12T06:00:00Z,BTC/USD,45312.92422668,45318.45288604,45179.80453268,45185.31762267,87.54609495
2024-01-12T07:00:00Z,BTC/USD,45185.31762267,45213.15638563,45053.33354078,45081.10810004,89.34249784
2024-01-12T08:00:00Z,BTC/USD,45081.10810004,45087.75574372,44995.90894679,45002.54500559,109.78820606
2024-01-12T09:00:00Z,BTC/USD,45002.54500559,45042.02953943,44854.76690191,44894.15633721,95.44315010
2024-01-12T10:00:00Z,BTC/USD,44894.15633721,44929.80513025,44726.24878933,44761.79247711,119.23272555
2024-01-12T11:00:00Z,BTC/USD,44761.79247711,44761.97288317,44666.29383383,44666.47385572,100.09164601
2024-01-12T12:00:00Z,BTC/USD,44666.47385572,44690.67630487,44470.66503711,44494.77445124,114.96761496
2024-01-12T13:00:00Z,BTC/USD,44494.77445124,44504.73243181,44344.05405193,44353.98052266,98.27712298
2024-01-12T14:00:00Z,BTC/USD,44353.98052266,44376.42069611,44242.32930428,44264.72432001,106.19125306
2024-01-12T15:00:00Z,BTC/USD,44264.72432001,44285.27931033,44198.33033606,44218.86403047,118.76814522
2024-01-12T16:00:00Z,BTC/USD,44218.86403047,44247.70444525,44067.45595847,44096.21638004,105.99346610
2024-01-12T17:00:00Z,BTC/USD,44096.21638004,44130.82177668,44044.01207119,44078.60364588,114.37368737
2024-01-12T18:00:00Z,BTC/USD,44078.60364588,44091.76853011,43952.48101391,43965.61215116,108.74869701
2024-01-12T19:00:00Z,BTC/USD,43965.61215116,44010.14072138,43848.33966299,43892.79448315,81.43596399
2024-01-12T20:00:00Z,BTC/USD,43892.79448315,43905.71318389,43868.49448689,43881.40983685,116.83716395
2024-01-12T21:00:00Z,BTC/USD,43881.40983685,43890.27353967,43880.82173393,43889.68532585,97.35885888
2024-01-12T22:00:00Z,BTC/USD,43889.68532585,43907.72043096,43853.47422241,43871.50185559,114.90316930
2024-01-12T23:00:00Z,BTC/USD,43871.50185559,43883.20025307,43704.87741542,43716.53449063,116.13696248
2024-01-13T00:00:00Z,BTC/USD,43716.53449063,43738.63642076,43705.42569748,43727.52483485,91.73471104
2024-01-13T01:00:00Z,BTC/USD,43727.52483485,43736.20545389,43619.36249947,43628.02336587,101.24665273
2024-01-13T02:00:00Z,BTC/USD,43628.02336587,43643.59499147,43448.98158899,43464.49484833,86.79934596
2024-01-13T03:00:00Z,BTC/USD,43464.49484833,43499.99821773,43443.56281142,43479.05916680,104.78841474
2024-01-13T04:00:00Z,BTC/USD,43479.05916680,43527.00252081,43359.56960599,43407.43398055,85.72470881
2024-01-13T05:00:00Z,BTC/USD,43407.43398055,43411.44941645,43286.60370540,43290.60833426,90.21306833
2024-01-13T06:00:00Z,BTC/USD,43290.60833426,43308.70935790,43288.30003600,43306.40021761,116.04837694
2024-01-13T07:00:00Z,BTC/USD,43306.40021761,43317.80721376,43203.67765213,43215.06058923,97.66919134
2024-01-13T08:00:00Z,BTC/USD,43215.06058923,43238.78834112,43074.61240434,43098.27603425,105.55754809
2024-01-13T09:00:00Z,BTC/USD,43098.27603425,43105.76166014,42978.34904519,42985.81513803,113.81215701
2024-01-13T10:00:00Z,BTC/USD,42985.81513803,43005.92787386,42904.30370642,42924.38770081,99.32832244
2024-01-13T11:00:00Z,BTC/USD,42924.38770081,42952.25518817,42824.69116180,42852.51198581,102.99247721
2024-01-13T12:00:00Z,BTC/USD,42852.51198581,42853.33469632,42817.52657175,42818.34862637,119.11777938
2024-01-13T13:00:00Z,BTC/USD,42818.34862637,42832.72619287,42704.49096293,42718.83511474,102.63716068
2024-01-13T14:00:00Z,BTC/USD,42718.83511474,42751.29640154,42576.31385109,42608.69144167,81.96177003
2024-01-13T15:00:00Z,BTC/USD,42608.69144167,42624.16677800,42469.54766753,42484.97807158,116.16621164
2024-01-13T16:00:00Z,BTC/USD,42484.97807158,42522.04280893,42350.93919157,42387.91925288,104.28259993
2024-01-13T17:00:00Z,BTC/USD,42387.91925288,42412.05534470,42244.16233723,42268.23027698,104.83564653
2024-01-13T18:00:00Z,BTC/USD,42268.23027698,42298.57727016,42126.35013597,42156.61699503,106.36726161
2024-01-13T19:00:00Z,BTC/USD,42156.61699503,42181.81827632,42093.05983212,42118.23817050,116.13614816
2024-01-13T20:00:00Z,BTC/USD,42118.23817050,42132.63604900,42001.72202843,42016.08498645,97.63292761
2024-01-13T21:00:00Z,BTC/USD,42016.08498645,42032.43731224,41852.31861330,41868.61354437,83.60533503
2024-01-13T22:00:00Z,BTC/USD,41868.61354437,41901.95937376,41736.67169748,41769.93893849,87.02560282
2024-01-13T23:00:00Z,BTC/USD,41769.93893849,41789.13606202,41717.67479797,41736.85671718,118.85958325
2024-01-14T00:00:00Z,BTC/USD,41736.85671718,41745.75093164,41544.14214259,41552.99717619,113.21890478
2024-01-14T01:00:00Z,BTC/USD,41552.99717619,41591.73140145,41435.46725538,41474.12796156,99.27391319
2024-01-14T02:00:00Z,BTC/USD,41474.12796156,41506.34525765,41395.95008539,41428.13165133,93.54861015
2024-01-14T03:00:00Z,BTC/USD,41428.13165133,41484.40527090,41392.92940552,41449.18513556,85.63028060
2024-01-14T04:00:00Z,BTC/USD,41449.18513556,41479.64930752,41440.59645329,41471.05609336,108.96866848
2024-01-14T05:00:00Z,BTC/USD,41471.05609336,41532.34356100,41464.24023473,41525.51875131,112.18350576
2024-01-14T06:00:00Z,BTC/USD,41525.51875131,41552.94437250,41364.83368181,41392.17123334,80.55674620
2024-01-14T07:00:00Z,BTC/USD,41392.17123334,41397.36341157,41259.21841789,41264.39456799,106.91313527
2024-01-14T08:00:00Z,BTC/USD,41264.39456799,41332.08190380,41240.23897333,41307.90084118,112.89669205
2024-01-14T09:00:00Z,BTC/USD,41307.90084118,41407.97614608,41304.27645580,41404.34329877,89.35287609
2024-01-14T10:00:00Z,BTC/USD,41404.34329877,41587.53651332,41397.61149429,41580.77602319,102.45629529
2024-01-14T11:00:00Z,BTC/USD,41580.77602319,41693.51765952,41573.30972977,41686.03246613,82.52868165
2024-01-14T12:00:00Z,BTC/USD,41686.03246613,41851.09807162,41645.18691241,41810.13092153,92.08760698
2024-01-14T13:00:00Z,BTC/USD,41810.13092153,41868.56039046,41803.88073790,41862.30240773,117.85046132
2024-01-14T14:00:00Z,BTC/USD,41862.30240773,41941.05672131,41839.32826614,41918.05198421,83.88767994
2024-01-14T15:00:00Z,BTC/USD,41918.05198421,42021.51226069,41910.68876396,42014.13216323,98.14575028
2024-01-14T16:00:00Z,BTC/USD,42014.13216323,42080.36241519,41983.72969165,42049.93403649,117.83896343
2024-01-14T17:00:00Z,BTC/USD,42049.93403649,42069.87631867,42033.08846081,42053.02950292,86.18091610
2024-01-14T18:00:00Z,BTC/USD,42053.02950292,42113.79785860,42048.13559434,42108.89744841,99.57388151
2024-01-14T19:00:00Z,BTC/USD,42108.89744841,42137.16967558,42052.26717186,42080.52034644,81.30865147
2024-01-14T20:00:00Z,BTC/USD,42080.52034644,42135.28019647,42063.96966006,42118.71448796,118.02220679
2024-01-14T21:00:00Z,BTC/USD,42118.71448796,42216.36354723,42111.11869276,42208.75151452,107.42721062
2024-01-14T22:00:00Z,BTC/USD,42208.75151452,42224.81604083,42134.29644170,42150.33873628,94.34695365
2024-01-14T23:00:00Z,BTC/USD,42150.33873628,42208.06233475,42142.17258891,42199.88658805,84.88638876
2024-01-15T00:00:00Z,BTC/USD,42199.88658805,42327.08317369,42180.91949634,42308.06745918,106.51074952
2024-01-15T01:00:00Z,BTC/USD,42308.06745918,42363.34066301,42285.89471432,42341.15057999,80.85429819
2024-01-15T02:00:00Z,BTC/USD,42341.15057999,42441.49188743,42325.75305914,42426.06348767,85.03695541
2024-01-15T03:00:00Z,BTC/USD,42426.06348767,42487.95498494,42422.90655949,42484.79368664,110.60629504
2024-01-15T04:00:00Z,BTC/USD,42484.79368664,42585.03679099,42470.50978976,42570.72400331,114.78781707
2024-01-15T05:00:00Z,BTC/USD,42570.72400331,42644.28196649,42560.13223519,42633.67453603,116.02124143
2024-01-15T06:00:00Z,BTC/USD,42633.67453603,42812.31091808,42632.92363532,42811.55688435,85.78751921
2024-01-15T07:00:00Z,BTC/USD,42811.55688435,42927.21758710,42799.70332481,42915.33529364,86.97988484
2024-01-15T08:00:00Z,BTC/USD,42915.33529364,42990.50734832,42911.17715377,42986.34232846,80.59441309
2024-01-15T09:00:00Z,BTC/USD,42986.34232846,43088.54899635,42970.99534118,43073.17100949,92.95085848
2024-01-15T10:00:00Z,BTC/USD,43073.17100949,43164.76608386,43066.89046181,43158.47309819,109.66872228
2024-01-15T11:00:00Z,BTC/USD,43158.47309819,43164.29952918,43145.78141637,43151.60692043,99.04983862
2024-01-15T12:00:00Z,BTC/USD,43151.60692043,43265.70463836,43126.11644174,43240.16184859,84.36216040
2024-01-15T13:00:00Z,BTC/USD,43240.16184859,43241.41929905,43191.63872527,43192.89480118,81.73460148
2024-01-15T14:00:00Z,BTC/USD,43192.89480118,43334.75409036,43150.45781795,43292.21952067,100.85804859
2024-01-15T15:00:00Z,BTC/USD,43292.21952067,43306.76524508,43226.27793631,43240.80638646,82.43301630
2024-01-15T16:00:00Z,BTC/USD,43240.80638646,43269.39852717,43237.92122939,43266.51165497,107.44389984
2024-01-15T17:00:00Z,BTC/USD,43266.51165497,43269.41055984,43227.84741844,43230.74392684,82.93962863
2024-01-15T18:00:00Z,BTC/USD,43230.74392684,43385.06136746,43216.35820366,43370.62909524,82.62728933
2024-01-15T19:00:00Z,BTC/USD,43370.62909524,43467.53551299,43340.30009269,43437.15998550,101.93425736
2024-01-15T20:00:00Z,BTC/USD,43437.15998550,43501.19358523,43374.63192227,43438.66335789,101.22227350
2024-01-15T21:00:00Z,BTC/USD,43438.66335789,43457.24401851,43430.17021070,43448.74889939,83.96713847
2024-01-15T22:00:00Z,BTC/USD,43448.74889939,43537.13836652,43408.16027628,43496.50513086,106.03666660
2024-01-15T23:00:00Z,BTC/USD,43496.50513086,43619.27600529,43462.00905716,43584.70997837,88.60092265
2024-01-16T00:00:00Z,BTC/USD,43584.70997837,43631.93089945,43580.00546121,43627.22179358,93.55726475
2024-01-16T01:00:00Z,BTC/USD,43627.22179358,43660.27500168,43620.70529807,43653.75454303,83.80343357
2024-01-16T02:00:00Z,BTC/USD,43653.75454303,43677.24678063,43639.41705622,43662.90628805,94.97204094
2024-01-16T03:00:00Z,BTC/USD,43662.90628805,43850.24206716,43622.43612865,43809.63590739,82.68533233
2024-01-16T04:00:00Z,BTC/USD,43809.63590739,43908.38160844,43801.19605910,43899.92436625,83.86257730
2024-01-16T05:00:00Z,BTC/USD,43899.92436625,44012.25468232,43859.90766409,43972.17212317,102.25482942
2024-01-16T06:00:00Z,BTC/USD,43972.17212317,44007.91813969,43957.57640557,43993.31540399,93.18583926
2024-01-16T07:00:00Z,BTC/USD,43993.31540399,44122.28901935,43979.04034194,44107.97675170,106.61362080
2024-01-16T08:00:00Z,BTC/USD,44107.97675170,44232.03134156,44063.58688584,44187.56138245,108.84242715
2024-01-16T09:00:00Z,BTC/USD,44187.56138245,44343.43262009,44181.65837892,44337.50958502,94.06584743
2024-01-16T10:00:00Z,BTC/USD,44337.50958502,44392.05838729,44330.29911900,44384.84022404,106.26945212
2024-01-16T11:00:00Z,BTC/USD,44384.84022404,44479.34271845,44374.35746923,44468.84012466,113.81493674
2024-01-16T12:00:00Z,BTC/USD,44468.84012466,44515.84416087,44440.96038760,44487.95244134,102.96400017
2024-01-16T13:00:00Z,BTC/USD,44487.95244134,44644.63216001,44447.73542935,44604.30996108,118.98186409
2024-01-16T14:00:00Z,BTC/USD,44604.30996108,44743.38844281,44576.35434103,44715.36322045,105.70796655
2024-01-16T15:00:00Z,BTC/USD,44715.36322045,44926.10339945,44706.91705736,44917.61903281,113.17843160
2024-01-16T16:00:00Z,BTC/USD,44917.61903281,45008.85704998,44903.53691421,44994.75074982,108.10795091
2024-01-16T17:00:00Z,BTC/USD,44994.75074982,45077.05690793,44975.64047830,45057.91980712,80.24423158
2024-01-16T18:00:00Z,BTC/USD,45057.91980712,45208.13127180,45036.67381863,45186.82450138,96.03137376
2024-01-16T19:00:00Z,BTC/USD,45186.82450138,45341.37543150,45161.93139843,45316.41094029,81.22628394
2024-01-16T20:00:00Z,BTC/USD,45316.41094029,45412.85038850,45300.64446619,45397.05585644,96.79329975
2024-01-16T21:00:00Z,BTC/USD,45397.05585644,45468.83982096,45378.69724470,45450.45961268,108.86383871
2024-01-16T22:00:00Z,BTC/USD,45450.45961268,45573.19184165,45421.44992302,45544.12236980,83.39828160
2024-01-16T23:00:00Z,BTC/USD,45544.12236980,45660.69368726,45539.79658807,45656.35724546,104.71352728
2024-01-17T00:00:00Z,BTC/USD,45656.35724546,45734.64236578,45640.20031194,45718.46345404,106.47754771
2024-01-17T01:00:00Z,BTC/USD,45718.46345404,45743.95469948,45716.24179354,45741.73190826,90.92667377
2024-01-17T02:00:00Z,BTC/USD,45741.73190826,45836.16316144,45730.49414802,45824.90496736,97.19654534
2024-01-17T03:00:00Z,BTC/USD,45824.90496736,45924.02508874,45791.13857379,45890.21057429,99.46531013
2024-01-17T04:00:00Z,BTC/USD,45890.21057429,45970.53913670,45884.14174083,45964.46048394,95.81053584
2024-01-17T05:00:00Z,BTC/USD,45964.46048394,46043.30704015,45962.79209485,46041.63584980,92.05677448
2024-01-17T06:00:00Z,BTC/USD,46041.63584980,46143.91359278,46029.49678604,46131.75076986,90.22078016
2024-01-17T07:00:00Z,BTC/USD,46131.75076986,46214.07568345,46129.21653004,46211.53706058,109.88056494
2024-01-17T08:00:00Z,BTC/USD,46211.53706058,46339.36033356,46191.35528852,46319.13157219,108.14685054
2024-01-17T09:00:00Z,BTC/USD,46319.13157219,46319.20384176,46297.21067371,46297.28290920,112.24800746
2024-01-17T10:00:00Z,BTC/USD,46297.28290920,46500.22882527,46277.13355785,46479.99995241,81.69209046
2024-01-17T11:00:00Z,BTC/USD,46479.99995241,46694.69699042,46473.84563148,46688.51506043,114.48440054
2024-01-17T12:00:00Z,BTC/USD,46688.51506043,46721.52186847,46674.55202136,46707.55313572,108.37995846
2024-01-17T13:00:00Z,BTC/USD,46707.55313572,46773.24427799,46701.84129130,46767.52509963,80.83426236
2024-01-17T14:00:00Z,BTC/USD,46767.52509963,46843.54841028,46730.03969705,46806.03214329,104.72501053
2024-01-17T15:00:00Z,BTC/USD,46806.03214329,46998.35049266,46760.29133119,46952.46657871,83.52519525
2024-01-17T16:00:00Z,BTC/USD,46952.46657871,46966.99767740,46876.97587954,46891.48810630,103.55485153
2024-01-17T17:00:00Z,BTC/USD,46891.48810630,46895.01812185,46747.72003746,46751.23949502,92.41098247
2024-01-17T18:00:00Z,BTC/USD,46751.23949502,46769.03840198,46622.40426873,46640.16088638,86.72530832
2024-01-17T19:00:00Z,BTC/USD,46640.16088638,46640.91619352,46527.97432589,46528.72782845,100.39808249
2024-01-17T20:00:00Z,BTC/USD,46528.72782845,46540.74834544,46475.95046857,46487.96045347,109.09516423
2024-01-17T21:00:00Z,BTC/USD,46487.96045347,46526.71871307,46408.58131072,46447.30567534,89.45075396
2024-01-17T22:00:00Z,BTC/USD,46447.30567534,46459.55578246,46373.84741134,46386.08137104,104.09595941
2024-01-17T23:00:00Z,BTC/USD,46386.08137104,46419.87169874,46274.06544652,46307.79874860,87.08584516
2024-01-18T00:00:00Z,BTC/USD,46307.79874860,46334.55131422,46207.01614247,46233.72591534,110.17783301
2024-01-18T01:00:00Z,BTC/USD,46233.72591534,46258.91282986,46129.11784533,46154.26146972,116.96617034
2024-01-18T02:00:00Z,BTC/USD,46154.26146972,46167.18276386,45986.01106678,45998.88886298,104.98087118
2024-01-18T03:00:00Z,BTC/USD,45998.88886298,46023.22585231,45942.77577555,45967.09594394,86.03829606
2024-01-18T04:00:00Z,BTC/USD,45967.09594394,45977.42732481,45928.23021747,45938.55518363,92.11281741
2024-01-18T05:00:00Z,BTC/USD,45938.55518363,45946.27184306,45845.26913749,45852.97142074,100.29347541
2024-01-18T06:00:00Z,BTC/USD,45852.97142074,45876.32441650,45724.77953555,45748.07910948,82.27560203
2024-01-18T07:00:00Z,BTC/USD,45748.07910948,45756.04129402,45668.55508523,45676.50481269,114.57000136
2024-01-18T08:00:00Z,BTC/USD,45676.50481269,45701.40276680,45615.93607621,45640.81457581,100.28271269
2024-01-18T09:00:00Z,BTC/USD,45640.81457581,45647.54985703,45484.22056314,45490.93372623,111.67271189
2024-01-18T10:00:00Z,BTC/USD,45490.93372623,45506.06299675,45441.27944657,45456.39723102,112.39263671
2024-01-18T11:00:00Z,BTC/USD,45456.39723102,45472.72783177,45330.49441601,45346.78563785,99.02516112
2024-01-18T12:00:00Z,BTC/USD,45346.78563785,45353.36732761,45269.93637667,45276.50786623,84.14007509
2024-01-18T13:00:00Z,BTC/USD,45276.50786623,45288.80610723,45222.88293281,45235.16994538,108.57262197
2024-01-18T14:00:00Z,BTC/USD,45235.16994538,45235.56778492,45119.95300284,45120.34983255,89.90974894
2024-01-18T15:00:00Z,BTC/USD,45120.34983255,45129.60215904,44976.05252343,44985.27715208,100.90992141
2024-01-18T16:00:00Z,BTC/USD,44985.27715208,45003.53022683,44914.35950165,44932.59119872,91.31574314
2024-01-18T17:00:00Z,BTC/USD,44932.59119872,44943.66548713,44799.49481275,44810.53901963,103.91543450
2024-01-18T18:00:00Z,BTC/USD,44810.53901963,44841.90825432,44717.49490607,44748.82093555,82.63647417
2024-01-18T19:00:00Z,BTC/USD,44748.82093555,44767.67724610,44716.46005742,44735.31067501,91.36587896
2024-01-18T20:00:00Z,BTC/USD,44735.31067501,44767.56834602,44609.70267841,44641.89298794,116.25370789
2024-01-18T21:00:00Z,BTC/USD,44641.89298794,44656.25966743,44580.92847222,44595.28015074,103.30958058
2024-01-18T22:00:00Z,BTC/USD,44595.28015074,44611.33992279,44530.27404480,44546.31618382,118.70786031
2024-01-18T23:00:00Z,BTC/USD,44546.31618382,44567.37989773,44428.15393376,44449.17171294,103.80164913
2024-01-19T00:00:00Z,BTC/USD,44449.17171294,44456.43669495,44404.37704942,44411.63589640,95.06717224
2024-01-19T01:00:00Z,BTC/USD,44411.63589640,44450.92551125,44317.71700783,44356.95825104,106.80465600
2024-01-19T02:00:00Z,BTC/USD,44356.95825104,44388.91693833,44286.70030761,44318.63138084,107.41657761
2024-01-19T03:00:00Z,BTC/USD,44318.63138084,44323.90322238,44158.00959239,44163.26295237,96.93625465
2024-01-19T04:00:00Z,BTC/USD,44163.26295237,44179.25588227,44035.31373875,44051.26611102,87.21051692
2024-01-19T05:00:00Z,BTC/USD,44051.26611102,44103.41920652,43948.52635119,44000.61948523,99.45083683
2024-01-19T06:00:00Z,BTC/USD,44000.61948523,44012.45901788,43913.81751225,43925.63686883,83.08660337
2024-01-19T07:00:00Z,BTC/USD,43925.63686883,43934.04586516,43851.78395005,43860.18041559,110.83498881
2024-01-19T08:00:00Z,BTC/USD,43860.18041559,43899.31839331,43797.76112874,43836.87831319,81.50989969
2024-01-19T09:00:00Z,BTC/USD,43836.87831319,43868.83479379,43679.59402580,43711.45907751,85.24196166
2024-01-19T10:00:00Z,BTC/USD,43711.45907751,43720.55501117,43601.39631153,43610.47123060,113.25380227
2024-01-19T11:00:00Z,BTC/USD,43610.47123060,43649.80277153,43505.28733435,43544.55943055,86.62156663
2024-01-19T12:00:00Z,BTC/USD,43544.55943055,43553.10771255,43407.97333668,43416.49647850,107.05451689
2024-01-19T13:00:00Z,BTC/USD,43416.49647850,43439.95236403,43319.35042744,43342.76648013,91.39711730
2024-01-19T14:00:00Z,BTC/USD,43342.76648013,43366.42383710,43240.61290782,43264.22739657,101.36044599
2024-01-19T15:00:00Z,BTC/USD,43264.22739657,43300.85163431,43115.36078736,43151.88992865,98.76062420
2024-01-19T16:00:00Z,BTC/USD,43151.88992865,43169.66856609,43081.73474382,43099.49179315,117.88520681
2024-01-19T17:00:00Z,BTC/USD,43099.49179315,43101.83284778,43076.85773156,43079.19768387,91.27086931
2024-01-19T18:00:00Z,BTC/USD,43079.19768387,43097.02452857,42937.23105790,42955.00651035,118.65072613
2024-01-19T19:00:00Z,BTC/USD,42955.00651035,42990.25521885,42880.27930079,42915.49558678,85.53594138
2024-01-19T20:00:00Z,BTC/USD,42915.49558678,42946.21738284,42807.57971112,42838.24620688,114.96467780
2024-01-19T21:00:00Z,BTC/USD,42838.24620688,42841.59495109,42735.26907177,42738.61002724,113.83569107
2024-01-19T22:00:00Z,BTC/USD,42738.61002724,42752.69704528,42672.55469309,42686.62457627,110.52467321
2024-01-19T23:00:00Z,BTC/USD,42686.62457627,42732.49134577,42548.14914493,42593.91629940,85.89394624
2024-01-20T00:00:00Z,BTC/USD,42593.91629940,42613.64160713,42383.37540756,42403.01230736,88.88152028
2024-01-20T01:00:00Z,BTC/USD,42403.01230736,42408.95635607,42275.77205091,42281.69909395,81.06680763
2024-01-20T02:00:00Z,BTC/USD,42281.69909395,42289.89745350,42253.98692180,42262.18149691,89.43112295
2024-01-20T03:00:00Z,BTC/USD,42262.18149691,42262.88598465,42234.53897633,42235.24301503,81.12750182
2024-01-20T04:00:00Z,BTC/USD,42235.24301503,42264.10874800,42218.24316707,42247.10412591,105.99842737
2024-01-20T05:00:00Z,BTC/USD,42247.10412591,42258.21164822,42167.06162486,42178.15101817,91.47517589
2024-01-20T06:00:00Z,BTC/USD,42178.15101817,42206.69634890,42111.24049150,42139.75983985,85.55170767
2024-01-20T07:00:00Z,BTC/USD,42139.75983985,42161.85873392,42026.64193144,42048.69306836,80.21004793
2024-01-20T08:00:00Z,BTC/USD,42048.69306836,42056.41202053,41999.38360833,42007.09492426,113.39852397
2024-01-20T09:00:00Z,BTC/USD,42007.09492426,42017.31480982,41843.83540630,41854.01804986,101.11086024
2024-01-20T10:00:00Z,BTC/USD,41854.01804986,41865.11389455,41799.30231207,41810.38658970,92.04604778
2024-01-20T11:00:00Z,BTC/USD,41810.38658970,41816.83350719,41778.70028562,41785.14331074,111.75596435
2024-01-20T12:00:00Z,BTC/USD,41785.14331074,41787.83951828,41683.81022389,41686.50006643,116.20587543
2024-01-20T13:00:00Z,BTC/USD,41686.50006643,41688.66711653,41601.82571865,41603.98847943,100.61502921
2024-01-20T14:00:00Z,BTC/USD,41603.98847943,41615.55533614,41518.96226000,41530.50868765,97.16955572
2024-01-20T15:00:00Z,BTC/USD,41530.50868765,41540.68233208,41417.84298988,41427.99152089,96.66270381
2024-01-20T16:00:00Z,BTC/USD,41427.99152089,41435.51727695,41335.13262860,41342.64288033,118.98617964
2024-01-20T17:00:00Z,BTC/USD,41342.64288033,41353.06403114,41313.03651380,41323.45282742,100.29310786
2024-01-20T18:00:00Z,BTC/USD,41323.45282742,41325.37651113,41310.00688422,41311.93003152,95.61814930
2024-01-20T19:00:00Z,BTC/USD,41311.93003152,41317.40580757,41162.90067094,41168.35741685,119.24157690
2024-01-20T20:00:00Z,BTC/USD,41168.35741685,41172.08161414,41090.33186527,41094.04934045,111.54080065
2024-01-20T21:00:00Z,BTC/USD,41094.04934045,41121.68765204,40947.56281437,40975.12113932,105.13027850
2024-01-20T22:00:00Z,BTC/USD,40975.12113932,41008.21508220,40879.11873881,40912.16183201,93.30074433
2024-01-20T23:00:00Z,BTC/USD,40912.16183201,40919.23098012,40890.77354338,40897.84021689,112.54035462
